<?xml version="1.0" encoding="UTF-8"?>
<beans:beans xmlns="http://www.springframework.org/schema/mvc"
	xmlns:xsi="http://www.w3.org/2001/XMLSchema-instance"
	xmlns:beans="http://www.springframework.org/schema/beans"
	xmlns:context="http://www.springframework.org/schema/context"
	xsi:schemaLocation="http://www.springframework.org/schema/mvc https://www.springframework.org/schema/mvc/spring-mvc.xsd
		http://www.springframework.org/schema/beans https://www.springframework.org/schema/beans/spring-beans.xsd
		http://www.springframework.org/schema/context https://www.springframework.org/schema/context/spring-context.xsd">

	<!-- DispatcherServlet Context: defines this servlet's request-processing infrastructure -->
	
	<!-- Enables the Spring MVC @Controller programming model -->
	<annotation-driven />

	<!-- Handles HTTP GET requests for /resources/** by efficiently serving up static resources in the ${webappRoot}/resources directory -->
	<!-- "src/main/webapp/srsources" 폴더 하위의 항목들을
		 http://lovalhost:8080/프로젝트이름/resources URL 하위로 접근할 수 있게 설정함.
		 경로 추가는 얼마든지 가능하다.
	 -->
	<resources mapping="/resources/**" location="/resources/" />
	<!-- 경로 추가 예 -->
	<resources mapping="/assets/**" location="/assets/"/>
	
	<!-- Resolves views selected for rendering by @Controllers to .jsp resources in the /WEB-INF/views directory -->
	<!-- View 파일의 위치와 확장자 방식. -->
	<beans:bean class="org.springframework.web.servlet.view.InternalResourceViewResolver">
		<beans:property name="prefix" value="/WEB-INF/views/" />
		<beans:property name="suffix" value=".jsp" />
	</beans:bean>
	
	<!-- 컨트롤러나 서비스 구현체 클래스가 존재하는 패키지를 나열한다. -->
	<context:component-scan base-package="study.spring.simplespring" />
	<!-- 예시 -->
	<context:component-scan base-package="study.spring.hellospring.basic.controller"/>
	<context:component-scan base-package="study.spring.hellospring.controller"/>
	<context:component-scan base-package="study.spring.hellospring.service.impl"/>
	
	<interceptors>
		<interceptor>
			<mapping path="/**" />
			<beans:bean id ="loggerInterceptor"
				class="study.spring.hellospring.interceptor.LoggerInterceptor"/>
		</interceptor>
	</interceptors>
	
</beans:beans>
